,ceremony,name,film,winner,Tomato Score,Year,Critic Review
0,17,Paramount,Going My Way,True,82%,1944,"Bing Crosby and Barry Fitzgerald are eminently likable, and film is pleasantly sentimental, but Going My Way suffers from a surplus of sweetness."
1,17,20th Century-Fox,Wilson,False,89%,1944,No consensus yet.
2,18,Metro-Goldwyn-Mayer,Anchors Aweigh,False,57%,1945,No consensus yet.
3,18,Paramount,The Lost Weekend,True,97%,1945,"Director Billy Wilder's unflinchingly honest look at the effects of alcoholism may have had some of its impact blunted by time, but it remains a powerful and remarkably prescient film."
4,19,Samuel Goldwyn Productions,The Best Years of Our Lives,True,97%,1946,"An engrossing look at the triumphs and travails of war veterans, The Best Years of Our Lives is concerned specifically with the aftermath of World War II, but its messages speak to the overall American experience."
5,19,Metro-Goldwyn-Mayer,The Yearling,False,100%,1946,No consensus yet.
6,20,20th Century-Fox,Gentleman's Agreement,True,82%,1947,It occasionally fails to live up to its subject matter -- and is perhaps an 'important' film more than a 'great' one -- but the performances from Gregory Peck and Dorothy McGuire are superb.
7,20,J. Arthur Rank-Cineguild,Great Expectations,False,100%,1946,"Furnished with striking visual detail and told with great narrative economy by director David Lean, Great Expectations is an exemplary adaptation of Charles Dickens' dense and episodic novel."
8,21,J. Arthur Rank-Two Cities Films,Hamlet,True,96%,1948,"A well-executed labor of love from star and director Laurence Olivier, Hamlet not only proved that Shakespeare could be successfully adapted to the big screen, it paved the way for further cinematic interpretations."
9,21,Warner Bros.,Johnny Belinda,False,91%,1948,No consensus yet.
10,21,Warner Bros.,The Treasure of the Sierra Madre,False,100%,1948,"Remade but never duplicated, this darkly humorous morality tale represents John Huston at his finest."
11,22,Robert Rossen Productions,All the King's Men,True,97%,1949,Broderick Crawford is spellbinding as politician Willie Stark in director Robert Rossen's adaptation of the Robert Penn Warren novel about the corrosive effects of power on the human soul.
12,22,Metro-Goldwyn-Mayer,Battleground,False,75%,1949,No consensus yet.
13,23,Metro-Goldwyn-Mayer,King Solomon's Mines,False,92%,1950,No consensus yet.
14,23,Paramount,Sunset Blvd.,False,98%,1950,"Arguably the greatest movie about Hollywood, Billy Wilder's masterpiece Sunset Boulevard is a tremendously entertaining combination of noir, black comedy, and character study."
15,24,"Arthur Freed, Producer",An American in Paris,True,95%,1951,"The plot may be problematic, but such concerns are rendered superfluous by Gene Kelly and Leslie Caron's star power, the Gershwins' classic songs, and Vincente Minnelli's colorful, sympathetic direction."
16,24,"George Stevens, Producer",A Place in the Sun,False,81%,1951,"Director George Stevens' stately treatment of A Place in the Sun buffs out some of the novel's nuance with blunt moralizing, but riveting performances by Montgomery Clift and company give the drama a bruising punch."
17,25,"Cecil B. DeMille, Producer",The Greatest Show on Earth,True,49%,1952,"The Greatest Show on Earth is melodramatic, short on plot, excessively lengthy and bogged down with clichés, but not without a certain innocent charm."
18,25,Romulus Films,Moulin Rouge,False,75%,2001,"A love-it-or-hate-it experience, Moulin Rouge is all style, all giddy, over-the-top spectacle. But it's also daring in its vision and wildly original."
19,74,"Martin Brown, Baz Luhrmann and Fred Baron, Producers",Moulin Rouge,False,75%,2001,"A love-it-or-hate-it experience, Moulin Rouge is all style, all giddy, over-the-top spectacle. But it's also daring in its vision and wildly original."
20,25,"John Ford and Merian C. Cooper, Producers",The Quiet Man,False,91%,1952,"Director John Ford and star John Wayne depart the Western for the Irish countryside, and the result is a beautifully photographed, often comedic romance."
21,26,"Buddy Adler, Producer",From Here to Eternity,True,88%,1953,"It has perhaps aged poorly, but this languidly paced WWII romance remains an iconic, well-acted film, featuring particularly strong performances from Burt Lancaster and Montgomery Clift."
22,26,"Frank Ross, Producer",The Robe,False,38%,1953,No consensus yet.
23,26,"George Stevens, Producer",Shane,False,97%,1953,No consensus yet.
24,27,"Sam Spiegel, Producer",On the Waterfront,True,99%,1954,"With his electrifying performance in Elia Kazan's thought-provoking, expertly constructed melodrama, Marlon Brando redefined the possibilities of acting for film and helped permanently alter the cinematic landscape."
25,27,"Sol C. Siegel, Producer",Three Coins in the Fountain,False,60%,1954,No consensus yet.
26,28,"Harold Hecht, Producer",Marty,True,96%,1955,Scriptwriter Paddy Chayefsky's solid dialogue is bolstered by strong performances from Ernest Borgnine and Betsy Blair in this appealingly low-key character study.
27,28,"Fred Kohlmar, Producer",Picnic,False,50%,1955,No consensus yet.
28,28,"Hal B. Wallis, Producer",The Rose Tattoo,False,63%,1955,No consensus yet.
29,29,"Michael Todd, Producer",Around the World in 80 Days,True,70%,1956,"It's undeniably shallow, but its cheerful lack of pretense -- as well as its grand scale and star-stuffed cast -- help make Around the World in 80 Days charmingly light-hearted entertainment."
30,29,"Charles Brackett, Producer",The King and I,False,93%,1956,No consensus yet.
31,30,"Sam Spiegel, Producer",The Bridge on the River Kwai,True,96%,1957,"This complex war epic asks hard questions, resists easy answers, and boasts career-defining work from star Alec Guinness and director David Lean."
32,30,"Jerry Wald, Producer",Peyton Place,False,65%,1957,No consensus yet.
33,30,"Henry Fonda and Reginald Rose, Producers",12 Angry Men,False,100%,1957,"Sidney Lumet's feature debut is a superbly written, dramatically effective courtroom thriller that rightfully stands as a modern classic."
34,31,Warner Bros.,Auntie Mame,False,88%,1958,No consensus yet.
35,31,"Stanley Kramer, Producer",The Defiant Ones,False,91%,1958,"An advocacy drama that makes its points without belaboring them, The Defiant Ones relies on its clever concept and brilliant performances to repudiate racial prejudice."
36,31,"Arthur Freed, Producer",Gigi,True,88%,1958,"It may not be one of Vincente Minnelli's best, but the charming and flawlessly acted Gigi still offers enough visual and musical treats to satisfy."
37,32,"Otto Preminger, Producer",Anatomy of a Murder,False,100%,1959,"One of cinema's greatest courtroom dramas, Anatomy of a Murder is tense, thought-provoking, and brilliantly acted, with great performances from James Stewart and George C. Scott."
38,32,"Sam Zimbalist, Producer",Ben-Hur,True,85%,1959,"Uneven, but in terms of epic scope and grand spectacle, Ben-Hur still ranks among Hollywood's finest examples of pure entertainment."
39,32,"George Stevens, Producer",The Diary of Anne Frank,False,80%,1959,No consensus yet.
40,33,"John Wayne, Producer",The Alamo,False,52%,1960,"John Wayne proves to be less compelling behind the camera than he is before it in The Alamo, a blustery dramatization of the fort's last stand that feels more like a first draft."
41,33,"Billy Wilder, Producer",The Apartment,True,93%,1960,"Director Billy Wilder's customary cynicism is leavened here by tender humor, romance, and genuine pathos."
42,33,"Jerry Wald, Producer",Sons and Lovers,False,67%,1960,No consensus yet.
43,34,"Carl Foreman, Producer",The Guns of Navarone,False,92%,1961,"Bolstered by a cast of memorable stars and an impressive sense of scale, The Guns of the Navarone fires with vivid characterization and entertaining spectacle."
44,34,"Robert Rossen, Producer",The Hustler,False,94%,1961,"Paul Newman and Jackie Gleason give iconic performances in this dark, morally complex tale of redemption."
45,34,"Robert Wise, Producer",West Side Story,True,91%,2021,Steven Spielberg's West Side Story presents a new look at the classic musical that lives up to its beloved forebear -- and in some respects might even surpass it.
46,94,"Steven Spielberg and Kristie Macosko Krieger, Producers",West Side Story,False,91%,2021,Steven Spielberg's West Side Story presents a new look at the classic musical that lives up to its beloved forebear -- and in some respects might even surpass it.
47,35,"Sam Spiegel, Producer",Lawrence of Arabia,True,94%,1962,"The epic of all epics, Lawrence of Arabia cements director David Lean's status in the filmmaking pantheon with nearly four hours of grand scope, brilliant performances, and beautiful cinematography."
48,35,"Darryl F. Zanuck, Producer",The Longest Day,False,87%,1962,No consensus yet.
49,35,"Aaron Rosenberg, Producer",Mutiny on the Bounty,False,70%,1962,No consensus yet.
50,36,"Walter Wanger, Producer",Cleopatra,False,56%,1963,"Cleopatra is a lush, ostentatious, endlessly eye-popping epic that sags collapses from a (and how could it not?) four-hour runtime."
51,36,"Tony Richardson, Producer",Tom Jones,True,80%,1963,"A frantic, irreverent adaptation of the novel, bolstered by Albert Finney's courageous performance and arresting visuals."
52,37,"Hal B. Wallis, Producer",Becket,False,78%,1964,No consensus yet.
53,37,"Jack L. Warner, Producer",My Fair Lady,True,94%,1964,"George Cukor's elegant, colorful adaptation of the beloved stage play is elevated to new heights thanks to winning performances by Audrey Hepburn and Rex Harrison."
54,37,"Michael Cacoyannis, Producer",Zorba the Greek,False,79%,1964,No consensus yet.
55,38,"Carlo Ponti, Producer",Doctor Zhivago,False,84%,1965,"It may not be the best of David Lean's epics, but Dr. Zhivago is still brilliantly photographed and sweepingly romantic."
56,38,"Stanley Kramer, Producer",Ship of Fools,False,64%,1965,No consensus yet.
57,38,"Robert Wise, Producer",The Sound of Music,True,84%,1965,"Unapologetically sweet and maybe even a little corny, The Sound of Music will win over all but the most cynical filmgoers with its classic songs and irresistible warmth."
58,39,"Fred Zinnemann, Producer",A Man for All Seasons,True,89%,1966,Solid cinematography and enjoyable performances from Paul Scofield and Robert Shaw add a spark to this deliberately paced adaptation of the Robert Bolt play.
59,39,"Ernest Lehman, Producer",Who's Afraid of Virginia Woolf?,False,96%,1966,"Led by a volcanic performance from Elizabeth Taylor, Who's Afraid of Virginia Woolf? is a scathing adaptation of the Edward Albee play that serves as a brilliant calling card for debuting director Mike Nichols."
60,40,"Warren Beatty, Producer",Bonnie and Clyde,False,90%,1967,"A paradigm-shifting classic of American cinema, Bonnie and Clyde packs a punch whose power continues to reverberate through thrillers decades later."
61,40,"Arthur P. Jacobs, Producer",Doctor Dolittle,False,29%,1967,No consensus yet.
62,40,"Lawrence Turman, Producer",The Graduate,False,86%,1967,"The music, the performances, the precision in capturing the post-college malaise -- The Graduate's coming-of-age story is indeed one for the ages."
63,40,"Walter Mirisch, Producer",In the Heat of the Night,True,95%,1967,"Tense, funny, and thought-provoking all at once, and lifted by strong performances from Sydney Poitier and Rod Steiger, director Norman Jewison's look at murder and racism in small-town America continues to resonate today."
64,41,"Martin Poll, Producer",The Lion in Winter,False,90%,1968,"Sharper and wittier than your average period piece, The Lion in Winter is a tale of palace intrigue bolstered by fantastic performances from Peter O'Toole, Katharine Hepburn, and Anthony Hopkins in his big-screen debut."
65,41,"John Woolf, Producer",Oliver!,True,90%,1968,"Oliver! transforms Charles Dickens' muckraking novel into a jaunty musical Victorian fairytale, buoyed by Ron Moody's charming star turn and Onna White's rapturous choreography."
66,41,"Anthony Havelock-Allan and John Brabourne, Producers",Romeo and Juliet,False,95%,1968,The solid leads and arresting visuals make a case for Zeffirelli's Romeo and Juliet as the definitive cinematic adaptation of the play.
67,42,"Hal B. Wallis, Producer",Anne of the Thousand Days,False,38%,1969,No consensus yet.
68,42,"John Foreman, Producer",Butch Cassidy and the Sundance Kid,False,89%,1969,"With its iconic pairing of Paul Newman and Robert Redford, jaunty screenplay and Burt Bacharach score, Butch Cassidy and the Sundance Kid has gone down as among the defining moments in late-'60s American cinema."
69,42,"Ernest Lehman, Producer","Hello, Dolly!",False,45%,1969,"Though Streisand charms, she's miscast as the titular middle-aged widow in Gene Kelly's sluggish and over-produced final directorial effort."
70,42,"Jerome Hellman, Producer",Midnight Cowboy,True,89%,1969,"John Schlesinger's gritty, unrelentingly bleak look at the seedy underbelly of urban American life is undeniably disturbing, but Dustin Hoffman and Jon Voight's performances make it difficult to turn away."
71,43,"Howard G. Minsky, Producer",Love Story,False,66%,1970,"Earnest and determined to make audiences swoon, Love Story is an unabashed tearjerker that will capture hearts when it isn't inducing eye rolls."
72,43,"Ingo Preminger, Producer",M*A*S*H,False,84%,1970,"Bold, timely, subversive, and above all funny, M*A*S*H remains a high point in Robert Altman's distinguished filmography."
73,43,"Frank McCarthy, Producer",Patton,True,90%,1970,"George C. Scott's sympathetic, unflinching portrayal of the titular general in this sprawling epic is as definitive as any performance in the history of American biopics."
74,44,"Norman Jewison, Producer",Fiddler on the Roof,False,83%,1971,"A bird may love a fish -- and musical fans will love this adaptation of Fiddler on the Roof, even if it isn't quite as transcendent as the long-running stage version."
75,44,"Philip D'Antoni, Producer",The French Connection,True,96%,1971,"Realistic, fast-paced and uncommonly smart, The French Connection is bolstered by stellar performances by Gene Hackman and Roy Scheider, not to mention William Friedkin's thrilling production."
76,44,"Stephen J. Friedman, Producer",The Last Picture Show,False,100%,1971,"Making excellent use of its period and setting, Peter Bogdanovich's small town coming-of-age story is a sad but moving classic filled with impressive performances."
77,45,"Cy Feuer, Producer",Cabaret,False,92%,1972,"Great performances and evocative musical numbers help Cabaret secure its status as a stylish, socially conscious classic."
78,45,"Albert S. Ruddy, Producer",The Godfather,True,97%,1972,"One of Hollywood's greatest critical and commercial successes, The Godfather gets everything right; not only did the movie transcend expectations, it established new benchmarks for American cinema."
79,46,"Francis Ford Coppola, Producer;  Gary Kurtz, Co-Producer",American Graffiti,False,96%,1973,"One of the most influential of all teen films, American Graffiti is a funny, nostalgic, and bittersweet look at a group of recent high school grads' last days of innocence."
80,46,"Ingmar Bergman, Producer",Cries and Whispers,False,94%,1972,"Visually stunning and achingly performed, Ingmar Bergman's chamber piece is a visceral rumination on death and sisterhood."
81,46,"William Peter Blatty, Producer",The Exorcist,False,84%,1973,"The Exorcist rides its supernatural theme to magical effect, with remarkable special effects and an eerie atmosphere, resulting in one of the scariest films of all time."
82,46,"Tony Bill, Michael Phillips and Julia Phillips, Producers",The Sting,True,92%,1973,"Paul Newman, Robert Redford, and director George Roy Hill prove that charm, humor, and a few slick twists can add up to a great film."
83,47,"Robert Evans, Producer",Chinatown,False,99%,1974,"As bruised and cynical as the decade that produced it, this noir classic benefits from Robert Towne's brilliant screenplay, director Roman Polanski's steady hand, and wonderful performances from Jack Nicholson and Faye Dunaway."
84,47,"Irwin Allen, Producer",The Towering Inferno,False,67%,1974,"Although it is not consistently engaging enough to fully justify its towering runtime, The Towering Inferno is a blustery spectacle that executes its disaster premise with flair."
85,48,"Stanley Kubrick, Producer",Barry Lyndon,False,89%,1975,"Cynical, ironic, and suffused with seductive natural lighting, Barry Lyndon is a complex character piece of a hapless man doomed by Georgian society."
86,49,"Robert F. Blumofe and Harold Leventhal, Producers",Bound for Glory,False,83%,1976,"Bound for Glory brings the Dust Bowl era to authentic life thanks to Haskell Wexler's opulent cinematography and Woody Guthrie's resonant music, capturing the American mood at the time as much as it does the folk singer's life."
87,49,"Irwin Winkler and Robert Chartoff, Producers",Rocky,True,92%,1976,"This story of a down-on-his-luck boxer is thoroughly predictable, but Sylvester Stallone's script and stunning performance in the title role brush aside complaints."
88,50,"Charles H. Joffe, Producer",Annie Hall,True,97%,1977,"Filled with poignant performances and devastating humor, Annie Hall represents a quantum leap for Woody Allen and remains an American classic."
89,50,"Ray Stark, Producer",The Goodbye Girl,False,79%,1977,No consensus yet.
90,50,"Herbert Ross and Arthur Laurents, Producers",The Turning Point,False,63%,1977,"The Turning Point is a handsomely-made resuscitation of Old Hollywood melodramas with a compelling duo at its center, but the formulaic script keeps this story from realizing its symphonic potential."
91,51,"Barry Spikings, Michael Deeley, Michael Cimino and John Peverall, Producers",The Deer Hunter,True,86%,1978,"Its greatness is blunted by its length and one-sided point of view, but the film's weaknesses are overpowered by Michael Cimino's sympathetic direction and a series of heartbreaking performances from Robert De Niro, Meryl Streep, and Christopher Walken."
92,51,"Warren Beatty, Producer",Heaven Can Wait,False,87%,1978,"A throwback to the high-gloss screwball comedies of the 1940s, Heaven Can Wait beguiles with seamless production values and great comic relief from Charles Grodin and Dianne Cannon."
93,51,"Alan Marshall and David Puttnam, Producers",Midnight Express,False,93%,1978,"Raw and unrelenting, Midnight Express is riveting in its realistic depiction of incarceration -- mining pathos from the simple act of enduring hardship."
94,52,"Francis Coppola, Producer;  Fred Roos, Gray Frederickson and Tom Sternberg, Co-Producers",Apocalypse Now,False,98%,1979,"Francis Ford Coppola's haunting, hallucinatory Vietnam War epic is cinema at its most audacious and visionary."
95,52,"Peter Yates, Producer",Breaking Away,False,95%,1979,"At once a touching, funny coming-of-age story and a compelling sports film, Breaking Away is a delightful treat."
96,52,"Stanley R. Jaffe, Producer",Kramer vs. Kramer,True,89%,1979,"The divorce subject isn't as shocking, but the film is still a thoughtful, well-acted drama that resists the urge to take sides or give easy answers."
97,53,"Bernard Schwartz, Producer",Coal Miner's Daughter,False,85%,1980,"Like a classic traditional country song, Coal Miner's Daughter draws on time-tested formula -- and undeniable talent -- to tell a solidly affecting story."
98,53,"Ronald L. Schwary, Producer",Ordinary People,True,89%,1980,"Robert Redford proves himself a filmmaker of uncommon emotional intelligence with Ordinary People, an auspicious debut that deftly observes the fractioning of a family unit through a quartet of superb performances."
99,53,"Claude Berri, Producer;  Timothy Burrill, Co-Producer",Tess,False,81%,1979,"A reverent adaptation of Thomas Hardy's novel, Tess marries painterly cinematography and unhurried pacing to create an epic ode to perseverance."
100,54,"David Puttnam, Producer",Chariots of Fire,True,83%,1981,"Decidedly slower and less limber than the Olympic runners at the center of its story, Chariots of Fire nevertheless makes effectively stirring use of its spiritual and patriotic themes."
101,54,"Bruce Gilbert, Producer",On Golden Pond,False,93%,1981,"Henry Fonda and Katherine Hepburn are a wondrous duo in On Golden Pond, a wistful drama that movingly explores the twilight years of a loving marriage."
102,54,"Warren Beatty, Producer",Reds,False,90%,1981,"Brawny in both intellect and scope, Reds is an intimate epic that captures the tumult of revolutionary change and the passion of those navigating through it."
103,55,"Richard Attenborough, Producer",Gandhi,True,89%,1982,"Director Richard Attenborough is typically sympathetic and sure-handed, but it's Ben Kingsley's magnetic performance that acts as the linchpin for this sprawling, lengthy biopic."
104,55,"Sydney Pollack and Dick Richards, Producers",Tootsie,False,90%,1982,Tootsie doesn't squander its high-concept comedy premise with fine dialogue and sympathetic treatment of the characters.
105,56,"Michael Shamberg, Producer",The Big Chill,False,71%,1983,"The Big Chill captures a generation's growing ennui with a terrific cast, a handful of perceptive insights, and one of the decade's best film soundtracks."
106,56,"James L. Brooks, Producer",Terms of Endearment,True,81%,1983,"A classic tearjerker, Terms of Endearment isn't shy about reaching for the heartstrings -- but is so well-acted and smartly scripted that it's almost impossible to resist."
107,57,"Saul Zaentz, Producer",Amadeus,True,89%,1984,"Amadeus' liberties with history may rankle some, but the creative marriage of Miloš Forman and Peter Shaffer yields a divinely diabolical myth of genius and mediocrity, buoyed by inspired casting and Mozart's rapturous music."
108,57,"David Puttnam, Producer",The Killing Fields,False,93%,1984,"Artfully composed, powerfully acted, and fueled by a powerful blend of anger and empathy, The Killing Fields is a career-defining triumph for director Roland Joffé and a masterpiece of cinema."
109,58,"Sydney Pollack, Producer",Out of Africa,True,61%,1985,"Though lensed with stunning cinematography and featuring a pair of winning performances from Meryl Streep and Robert Redford, Out of Africa suffers from excessive length and glacial pacing."
110,58,"John Foreman, Producer",Prizzi's Honor,False,85%,1985,"Disturbing and sardonic, Prizzi's Honor excels at black comedy because director John Huston and his game ensemble take the farce deadly seriously."
111,59,"Robert Greenhut, Producer",Hannah and Her Sisters,False,91%,1986,"Smart, tender, and funny in equal measure, Hannah and Her Sisters is one of Woody Allen's finest films."
112,59,"Fernando Ghia and David Puttnam, Producers",The Mission,False,66%,1986,"The Mission is a well-meaning epic given delicate heft by its sumptuous visuals and a standout score by Ennio Morricone, but its staid presentation never stirs an emotional investment in its characters."
113,59,"Arnold Kopelson, Producer",Platoon,True,89%,1986,"Informed by director Oliver Stone's personal experiences in Vietnam, Platoon forgoes easy sermonizing in favor of a harrowing, ground-level view of war, bolstered by no-holds-barred performances from Charlie Sheen and Willem Dafoe."
114,60,"John Boorman, Producer",Hope and Glory,False,96%,1987,No consensus yet.
115,60,"Jeremy Thomas, Producer",The Last Emperor,True,87%,1987,"While Bernardo Bertolucci's decadent epic never quite identifies the dramatic pulse of its protagonist, stupendous visuals and John Lone's ability to make passivity riveting give The Last Emperor a rarified grandeur."
116,61,"Frederick Zollo and Robert F. Colesberry, Producers",Mississippi Burning,False,85%,1988,Mississippi Burning draws on real-life tragedy to impart a worthy message with the measured control of an intelligent drama and the hard-hitting impact of a thriller.
117,61,"Mark Johnson, Producer",Rain Man,True,89%,1988,"This road-trip movie about an autistic savant and his callow brother is far from seamless, but Barry Levinson's direction is impressive, and strong performances from Tom Cruise and Dustin Hoffman add to its appeal."
118,61,"Douglas Wick, Producer",Working Girl,False,83%,1988,"A buoyant corporate Cinderella story, Working Girl has the right cast, right story, and right director to make it all come together."
119,62,"A. Kitman Ho and Oliver Stone, Producers",Born on the Fourth of July,False,85%,1989,"Led by an unforgettable performance from Tom Cruise, Born on the Fourth of July finds director Oliver Stone tackling thought-provoking subject matter with ambitious élan."
120,62,"Richard D. Zanuck and Lili Fini Zanuck, Producers",Driving Miss Daisy,True,84%,1989,"While it's fueled in part by outdated stereotypes, Driving Miss Daisy takes audiences on a heartwarming journey with a pair of outstanding actors."
121,63,"Jim Wilson and Kevin Costner, Producers",Dances With Wolves,True,87%,1990,"Dances with Wolves suffers from a simplistic view of the culture it attempts to honor, but the end result remains a stirring western whose noble intentions are often matched by its epic grandeur."
122,63,"Francis Ford Coppola, Producer","The Godfather, Part III",False,67%,1990,"The final installment of The Godfather saga recalls its predecessors' power when it's strictly business, but underwhelming performances and confused tonality brings less closure to the Corleone story."
123,64,"Don Hahn, Producer",Beauty and the Beast,False,93%,1991,"Enchanting, sweepingly romantic, and featuring plenty of wonderful musical numbers, Beauty and the Beast is one of Disney's most elegant animated offerings."
124,64,"Mark Johnson, Barry Levinson and Warren Beatty, Producers",Bugsy,False,84%,1991,"Stylishly scattered, Bugsy offers cinematic homage to the infamous underworld legend, chiefly through a magnetic performance from Warren Beatty in the title role."
125,64,"A. Kitman Ho and Oliver Stone, Producers",JFK,False,84%,1991,"As history, Oliver Stone's JFK is dubious, but as filmmaking it's electric, cramming a ton of information and excitement into its three-hour runtime and making great use of its outstanding cast."
126,64,"Barbra Streisand and Andrew Karsch, Producers",The Prince of Tides,False,68%,1991,"Although the central romance arguably suffocates the heart of the drama, a moving performance by Nick Nolte and Barbra Streisand's deft direction give The Prince of Tides a soulful edge."
127,64,"Edward Saxon, Kenneth Utt and Ron Bozman, Producers",The Silence of the Lambs,True,95%,1991,"Director Jonathan Demme's smart, taut thriller teeters on the edge between psychological study and all-out horror, and benefits greatly from stellar performances by Anthony Hopkins and Jodie Foster."
128,65,"Martin Brest, Producer",Scent of a Woman,False,87%,1992,"It might soar on Al Pacino's performance more than the drama itself, but what a performance it is -- big, bold, occasionally over-the-top, and finally giving the Academy pause to award the star his first Oscar."
129,65,"Clint Eastwood, Producer",Unforgiven,True,96%,1992,"As both director and star, Clint Eastwood strips away decades of Hollywood varnish applied to the Wild West, and emerges with a series of harshly eloquent statements about the nature of violence."
130,66,"Steven Spielberg, Gerald R. Molen and Branko Lustig, Producers",Schindler's List,True,98%,1993,Schindler's List blends the abject horror of the Holocaust with Steven Spielberg's signature tender humanism to create the director's dramatic masterpiece.
131,67,"Wendy Finerman, Steve Tisch and Steve Starkey, Producers",Forrest Gump,True,71%,1994,"Forrest Gump may be an overly sentimental film with a somewhat problematic message, but its sweetness and charm are usually enough to approximate true depth and grace."
132,68,"George Miller, Doug Mitchell and Bill Miller, Producers",Babe,False,97%,1995,"The rare family-friendly feature with a heart as big as its special effects budget, Babe offers timeless entertainment for viewers of all ages."
133,68,"Mel Gibson, Alan Ladd, Jr. and Bruce Davey, Producers",Braveheart,True,75%,1995,"Distractingly violent and historically dodgy, Mel Gibson's Braveheart justifies its epic length by delivering enough sweeping action, drama, and romance to match its ambition."
134,68,"Lindsay Doran, Producer",Sense and Sensibility,False,97%,1995,"Sense and Sensibility is an uncommonly deft, very funny Jane Austen adaptation, marked by Emma Thompson's finely tuned performance."
135,69,"Saul Zaentz, Producer",The English Patient,True,86%,1996,"Though it suffers from excessive length and ambition, director Minghella's adaptation of the Michael Ondaatje novel is complex, powerful, and moving."
136,70,"James L. Brooks, Bridget Johnson and Kristi Zea, Producers",As Good as It Gets,False,86%,1997,"James L. Brooks and Jack Nicholson, doing what they do best, combine smart dialogue and flawless acting to squeeze fresh entertainment value out of the romantic-comedy genre."
137,70,"James Cameron and Jon Landau, Producers",Titanic,True,88%,1997,"A mostly unqualified triumph for James Cameron, who offers a dizzying blend of spectacular visuals and old-fashioned melodrama."
138,71,"Steven Spielberg, Ian Bryce, Mark Gordon and Gary Levinsohn, Producers",Saving Private Ryan,False,94%,1998,"Anchored by another winning performance from Tom Hanks, Steven Spielberg's unflinchingly realistic war film virtually redefines the genre."
139,71,"David Parfitt, Donna Gigliotti, Harvey Weinstein, Edward Zwick and Marc Norman, Producers",Shakespeare in Love,True,92%,1998,"Endlessly witty, visually rapturous, and sweetly romantic, Shakespeare in Love is a delightful romantic comedy that succeeds on nearly every level."
140,72,"Bruce Cohen and Dan Jinks, Producers",American Beauty,True,87%,1999,"Flawlessly cast and brimming with dark, acid wit, American Beauty is a smart, provocative high point of late '90s mainstream Hollywood film."
141,73,"David Brown, Kit Golden and Leslie Holleran, Producers",Chocolat,False,63%,2000,Chocolat is a charmingly light-hearted fable with a lovely performance by Binoche.
142,73,"Bill Kong, Hsu Li Kong and Ang Lee, Producers","Crouching Tiger, Hidden Dragon",False,98%,2000,"The movie that catapulted Ang Lee into the ranks of upper echelon Hollywood filmmakers, Crouching Tiger, Hidden Dragon features a deft mix of amazing martial arts battles, beautiful scenery, and tasteful drama."
143,73,"Douglas Wick, David Franzoni and Branko Lustig, Producers",Gladiator,True,79%,2000,"While not everyone will be entertained by Gladiator's glum revenge story, Russell Crowe thunderously wins the crowd with a star-making turn that provides Ridley Scott's opulent resurrection of Rome its bruised heart."
144,74,"Brian Grazer and Ron Howard, Producers",A Beautiful Mind,True,74%,2001,The well-acted A Beautiful Mind is both a moving love story and a revealing look at mental illness.
145,74,"Peter Jackson, Fran Walsh and Barrie M. Osborne, Producers",The Lord of the Rings: The Fellowship of the Ring,False,91%,2001,"Full of eye-popping special effects, and featuring a pitch-perfect cast, The Lord of the Rings: The Fellowship of the Ring brings J.R.R. Tolkien's classic to vivid life."
146,75,"Martin Richards, Producer",Chicago,True,86%,2002,"A rousing and energetic adaptation of the Broadway musical, Chicago succeeds on the level of pure spectacle, but provides a surprising level of depth and humor as well."
147,75,"Scott Rudin and Robert Fox, Producers",The Hours,False,79%,2002,"The movie may be a downer, but it packs an emotional wallop. Some fine acting on display here."
148,76,"Barrie M. Osborne, Peter Jackson and Fran Walsh, Producers",The Lord of the Rings: The Return of the King,True,93%,2003,"Visually breathtaking and emotionally powerful,  The Lord of the Rings - The Return of the King is a moving and satisfying conclusion to a great trilogy."
149,76,"Ross Katz and Sofia Coppola, Producers",Lost in Translation,False,95%,2003,"Effectively balancing humor and subtle pathos, Sofia Coppola crafts a moving, melancholy story that serves as a showcase for both Bill Murray and Scarlett Johansson."
150,76,"Samuel Goldwyn, Jr., Peter Weir and Duncan Henderson, Producers",Master and Commander: The Far Side of the World,False,85%,2003,Russell Crowe's rough charm is put to good use in this masterful adaptation of Patrick O'Brian's novel.
151,77,"Michael Mann and Graham King, Producers",The Aviator,False,86%,2004,"With a rich sense of period detail, The Aviator succeeds thanks to typically assured direction from Martin Scorsese and a strong performance from Leonardo DiCaprio, who charts Howard Hughes' descent from eccentric billionaire to reclusive madman."
152,77,"Clint Eastwood, Albert S. Ruddy and Tom Rosenberg, Producers",Million Dollar Baby,True,90%,2004,"Clint Eastwood's assured direction - combined with knockout performances from Hilary Swank and Morgan Freeman - help Million Dollar Baby to transcend its clichés, and the result is deeply heartfelt and moving."
153,77,"Michael London, Producer",Sideways,False,97%,2004,"Charming, thoughtful, and often funny, Sideways is a decidedly mature road trip comedy full of excellent performances."
154,78,"Diana Ossana and James Schamus, Producers",Brokeback Mountain,False,88%,2005,"A beautiful, epic Western, Brokeback Mountain's love story is imbued with heartbreaking universality thanks to moving performances by Heath Ledger and Jake Gyllenhaal."
155,78,"Paul Haggis and Cathy Schulman, Producers",Crash,True,74%,2004,"A raw and unsettling morality piece on modern angst and urban disconnect, Crash examines the dangers of bigotry and xenophobia in the lives of interconnected Angelenos."
156,79,"Alejandro González Iñárritu, Jon Kilik and Steve Golin, Producers",Babel,False,69%,2006,"In Babel, there are no villains, only victims of fate and circumstance. Director Alejandro Gonzalez Iñarritu weaves four of their woeful stories into this mature and multidimensional film."
157,79,"Graham King, Producer",The Departed,True,91%,2006,"Featuring outstanding work from an excellent cast, The Departed is a thoroughly engrossing gangster drama with the gritty authenticity and soupy morality we come to expect from Martin Scorsese."
158,80,"Tim Bevan, Eric Fellner and Paul Webster, Producers",Atonement,False,83%,2007,"Atonement features strong performances, brilliant cinematography, and a unique score. Featuring deft performances from James MacAvoy and Keira Knightley, it's a successful adaptation of Ian McEwan's novel."
159,80,"Scott Rudin, Ethan Coen and Joel Coen, Producers",No Country for Old Men,True,93%,2007,"Bolstered by powerful lead performances from Javier Bardem, Josh Brolin, and Tommy Lee Jones, No Country for Old Men finds the Coen brothers spinning cinematic gold out of Cormac McCarthy's grim, darkly funny novel."
160,80,"JoAnne Sellar, Paul Thomas Anderson and Daniel Lupi, Producers",There Will Be Blood,False,91%,2007,"Widely touted as a masterpiece, this sparse and sprawling epic about the underhanded ""heroes"" of capitalism boasts incredible performances by leads Daniel Day-Lewis and Paul Dano, and is director Paul Thomas Anderson's best work to date."
161,81,"Christian Colson, Producer",Slumdog Millionaire,True,91%,2008,"Visually dazzling and emotionally resonant, Slumdog Millionaire is a film that's both entertaining and powerful."
162,82,"James Cameron and Jon Landau, Producers",Avatar,False,82%,2009,"It might be more impressive on a technical level than as a piece of storytelling, but Avatar reaffirms James Cameron's singular gift for imaginative, absorbing filmmaking."
163,82,"Kathryn Bigelow, Mark Boal, Nicolas Chartier and Greg Shapiro, Producers",The Hurt Locker,True,97%,2008,"A well-acted, intensely shot, action filled war epic, Kathryn Bigelow's The Hurt Locker is thus far the best of the recent dramatizations of the Iraq War."
164,83,"Emma Thomas and Christopher Nolan, Producers",Inception,False,87%,2010,"Smart, innovative, and thrilling, Inception is that rare summer blockbuster that succeeds viscerally as well as intellectually."
165,83,"Gary Gilbert, Jeffrey Levy-Hinte and Celine Rattray, Producers",The Kids Are All Right,False,92%,2010,"Worthwhile as both a well-acted ensemble piece and as a smart, warm statement on family values, The Kids Are All Right is remarkable."
166,83,"Iain Canning, Emile Sherman and Gareth Unwin, Producers",The King's Speech,True,94%,2010,"Colin Firth gives a masterful performance in The King's Speech, a predictable but stylishly produced and rousing period drama."
167,83,"Scott Rudin, Dana Brunetti, Michael De Luca and Ceán Chaffin, Producers",The Social Network,False,96%,2010,"Impeccably scripted, beautifully directed, and filled with fine performances, The Social Network is a riveting, ambitious example of modern filmmaking at its finest."
168,84,"Thomas Langmann, Producer",The Artist,True,95%,2011,"A crowd-pleasing tribute to the magic of silent cinema, The Artist is a clever, joyous film with delightful performances and visual style to spare."
169,84,"Jim Burke, Alexander Payne and Jim Taylor, Producers",The Descendants,False,87%,2011,"Funny, moving, and beautifully acted, The Descendants captures the unpredictable messiness of life with eloquence and uncommon grace."
170,84,"Scott Rudin, Producer",Extremely Loud & Incredibly Close,False,45%,2011,"Extremely Loud & Incredibly Close has a story worth telling, but it deserves better than the treacly and pretentious treatment director Stephen Daldry gives it."
171,84,"Graham King and Martin Scorsese, Producers",Hugo,False,93%,2011,"Hugo is an extravagant, elegant fantasy with an innocence lacking in many modern kids' movies, and one that emanates an unabashed love for the magic of cinema."
172,85,"Grant Heslov, Ben Affleck and George Clooney, Producers",Argo,True,96%,2012,"Tense, exciting, and often darkly comic, Argo recreates a historical event with vivid attention to detail and finely wrought characters."
173,85,"Tim Bevan, Eric Fellner, Debra Hayward and Cameron Mackintosh, Producers",Les Misérables,False,69%,2012,"Impeccably mounted but occasionally bombastic, Les Misérables largely succeeds thanks to bravura performances from its distinguished cast."
174,85,"Gil Netter, Ang Lee and David Womark, Producers",Life of Pi,False,86%,2012,"A 3D adaptation of a supposedly ""unfilmable"" book, Ang Lee's Life of Pi achieves the near impossible -- it's an astonishing technical achievement that's also emotionally rewarding."
175,86,"Charles Roven, Richard Suckle, Megan Ellison and Jonathan Gordon, Producers",American Hustle,False,92%,2013,"Riotously funny and impeccably cast, American Hustle compensates for its flaws with unbridled energy and some of David O. Russell's most irrepressibly vibrant direction."
176,86,"Alfonso Cuarón and David Heyman, Producers",Gravity,False,96%,2013,"Alfonso Cuarón's Gravity is an eerie, tense sci-fi thriller that's masterfully directed and visually stunning."
177,86,"Brad Pitt, Dede Gardner, Jeremy Kleiner, Steve McQueen and Anthony Katagas, Producers",12 Years a Slave,True,95%,2013,"It's far from comfortable viewing, but 12 Years a Slave's unflinchingly brutal look at American slavery is also brilliant -- and quite possibly essential -- cinema."
178,87,"Alejandro G. Iñárritu, John Lesher and James W. Skotchdopole, Producers",Birdman or (The Unexpected Virtue of Ignorance),True,91%,2014,"A thrilling leap forward for director Alejandro González Iñárritu, Birdman is an ambitious technical showcase powered by a layered story and outstanding performances from Michael Keaton and Edward Norton."
179,87,"Richard Linklater and Cathleen Sutherland, Producers",Boyhood,False,97%,2014,"Epic in technical scale but breathlessly intimate in narrative scope, Boyhood is a sprawling investigation of the human condition."
180,87,"Wes Anderson, Scott Rudin, Steven Rales and Jeremy Dawson, Producers",The Grand Budapest Hotel,False,92%,2014,"Typically stylish but deceptively thoughtful, The Grand Budapest Hotel finds Wes Anderson once again using ornate visual environments to explore deeply emotional ideas."
181,88,"Brad Pitt, Dede Gardner and Jeremy Kleiner, Producers",The Big Short,False,89%,2015,"The Big Short approaches a serious, complicated subject with an impressive attention to detail -- and manages to deliver a well-acted, scathingly funny indictment of its real-life villains in the bargain."
182,88,"Steven Spielberg, Marc Platt and Kristie Macosko Krieger, Producers",Bridge of Spies,False,91%,2015,"Bridge of Spies finds new life in Hollywood's classic Cold War espionage thriller formula, thanks to reliably outstanding work from Steven Spielberg and Tom Hanks."
183,88,"Finola Dwyer and Amanda Posey, Producers",Brooklyn,False,97%,2015,Brooklyn buttresses outstanding performances from Saoirse Ronan and Emory Cohen with a rich period drama that tugs at the heartstrings as deftly as it satisfies the mind.
184,88,"Doug Mitchell and George Miller, Producers",Mad Max: Fury Road,False,97%,2015,"With exhilarating action and a surprising amount of narrative heft, Mad Max: Fury Road brings George Miller's post-apocalyptic franchise roaring vigorously back to life."
185,88,"Simon Kinberg, Ridley Scott, Michael Schaefer and Mark Huffam, Producers",The Martian,False,91%,2015,"Smart, thrilling, and surprisingly funny, The Martian offers a faithful adaptation of the bestselling book that brings out the best in leading man Matt Damon and director Ridley Scott."
186,88,"Arnon Milchan, Steve Golin, Alejandro G. Iñárritu, Mary Parent and Keith Redmon, Producers",The Revenant,False,78%,2015,"As starkly beautiful as it is harshly uncompromising, The Revenant uses Leonardo DiCaprio's committed performance as fuel for an absorbing drama that offers punishing challenges -- and rich rewards."
187,88,"Ed Guiney, Producer",Room,False,93%,2015,"Led by incredible work from Brie Larson and Jacob Tremblay, Room makes for an unforgettably harrowing -- and undeniably rewarding -- experience."
188,88,"Michael Sugar, Steve Golin, Nicole Rocklin and Blye Pagon Faust, Producers",Spotlight,True,97%,2015,"Spotlight gracefully handles the lurid details of its fact-based story while resisting the temptation to lionize its heroes, resulting in a drama that honors the audience as well as its real-life subjects."
189,89,"Shawn Levy, Dan Levine, Aaron Ryder and David Linde, Producers",Arrival,False,94%,2016,Arrival delivers a must-see experience for fans of thinking person's sci-fi that anchors its heady themes with genuinely affecting emotion and a terrific performance from Amy Adams.
190,89,"Scott Rudin, Denzel Washington and Todd Black, Producers",Fences,False,92%,2016,"From its reunited Broadway stars to its screenplay, the solidly crafted Fences finds its Pulitzer-winning source material fundamentally unchanged -- and still just as powerful."
191,89,"Bill Mechanic and David Permut, Producers",Hacksaw Ridge,False,84%,2016,"Hacksaw Ridge uses a real-life pacifist's legacy to lay the groundwork for a gripping wartime tribute to faith, valor, and the courage of remaining true to one's convictions."
192,89,"Carla Hacken and Julie Yorn, Producers",Hell or High Water,False,97%,2016,"Hell or High Water offers a solidly crafted, well-acted Western heist thriller that eschews mindless gunplay in favor of confident pacing and full-bodied characters."
193,89,"Donna Gigliotti, Peter Chernin, Jenno Topping, Pharrell Williams and Theodore Melfi, Producers",Hidden Figures,False,93%,2016,"In heartwarming, crowd-pleasing fashion, Hidden Figures celebrates overlooked -- and crucial -- contributions from a pivotal moment in American history."
194,89,"Fred Berger, Jordan Horowitz and Marc Platt, Producers",La La Land,False,91%,2016,"La La Land breathes new life into a bygone genre with thrillingly assured direction, powerful performances, and an irresistible excess of heart."
195,89,"Emile Sherman, Iain Canning and Angie Fielder, Producers",Lion,False,84%,2016,Lion's undeniably uplifting story and talented cast make it a moving journey that transcends the typical cliches of its genre.
196,89,"Matt Damon, Kimberly Steward, Chris Moore, Lauren Beck and Kevin J. Walsh, Producers",Manchester by the Sea,False,96%,2016,"Manchester by the Sea delivers affecting drama populated by full-bodied characters, marking another strong step forward for writer-director Kenneth Lonergan."
197,89,"Adele Romanski, Dede Gardner and Jeremy Kleiner, Producers",Moonlight,True,98%,2016,Moonlight uses one man's story to offer a remarkable and brilliantly crafted look at lives too rarely seen in cinema.
198,90,"Scott Rudin, Eli Bush and Evelyn O'Neill, Producers",Lady Bird,False,99%,2017,Lady Bird delivers fresh insights about the turmoil of adolescence -- and reveals writer-director Greta Gerwig as a fully formed filmmaking talent.
199,90,"Guillermo del Toro and J. Miles Dale, Producers",The Shape of Water,True,92%,2017,The Shape of Water finds Guillermo del Toro at his visually distinctive best -- and matched by an emotionally absorbing story brought to life by a stellar Sally Hawkins performance.
200,91,"Graham King, Producer",Bohemian Rhapsody,False,60%,2018,"Bohemian Rhapsody hits a handful of high notes, but as an in-depth look at a beloved band, it offers more of a medley than a true greatest hits collection."
201,91,"Jim Burke, Charles B. Wessler, Brian Currie, Peter Farrelly and Nick Vallelonga, Producers",Green Book,True,77%,2018,"Green Book takes audiences on an excessively smooth ride through bumpy subject matter, although Mahershala Ali and Viggo Mortensen's performances add necessary depth."
202,91,"Gabriela Rodríguez and Alfonso Cuarón, Producers",Roma,False,96%,2018,"Roma finds writer-director Alfonso Cuarón in complete, enthralling command of his visual craft - and telling the most powerfully personal story of his career."
203,91,"Bill Gerber, Bradley Cooper and Lynette Howell Taylor, Producers",A Star Is Born,False,90%,1937,No consensus yet.
204,91,"Dede Gardner, Jeremy Kleiner, Adam McKay and Kevin Messick, Producers",Vice,False,65%,2018,"Vice takes scattershot aim at its targets, but writer-director Adam McKay hits some satisfying bullseyes -- and Christian Bale's transformation is a sight to behold."
205,92,"Peter Chernin, Jenno Topping and James Mangold, Producers",Ford v Ferrari,False,92%,2019,Ford v Ferrari delivers all the polished auto action audiences will expect -- and balances it with enough gripping human drama to satisfy non-racing enthusiasts.
206,92,"Martin Scorsese, Robert De Niro, Jane Rosenthal and Emma Tillinger Koskoff, Producers",The Irishman,False,95%,2019,"An epic gangster drama that earns its extended runtime, The Irishman finds Martin Scorsese revisiting familiar themes to poignant, funny, and profound effect."
207,92,"Carthew Neal, Taika Waititi and Chelsea Winstanley, Producers",Jojo Rabbit,False,80%,2019,"Jojo Rabbit's blend of irreverent humor and serious ideas definitely won't be to everyone's taste -- but either way, this anti-hate satire is audacious to a fault."
208,92,"Todd Phillips, Bradley Cooper and Emma Tillinger Koskoff, Producers",Joker,False,69%,2019,Joker gives its infamous central character a chillingly plausible origin story that serves as a brilliant showcase for its star -- and a dark evolution for comics-inspired cinema.
209,92,"Amy Pascal, Producer",Little Women,False,95%,2019,"With a stellar cast and a smart, sensitive retelling of its classic source material, Greta Gerwig's Little Women proves some stories truly are timeless."
210,92,"Noah Baumbach and David Heyman, Producers",Marriage Story,False,95%,2019,"Observing a splintering union with compassion and expansive grace, the powerfully acted Marriage Story ranks among writer-director Noah Baumbach's best works."
211,92,"Sam Mendes, Pippa Harris, Jayne-Ann Tenggren and Callum McDougall, Producers",1917,False,89%,2019,"Hard-hitting, immersive, and an impressive technical achievement, 1917 captures the trench warfare of World War I with raw, startling immediacy."
212,92,"Kwak Sin Ae and Bong Joon Ho, Producers",Parasite,True,99%,2019,"An urgent, brilliantly layered look at timely social themes, Parasite finds writer-director Bong Joon Ho in near-total command of his craft."
213,93,"David Parfitt, Jean-Louis Livi and Philippe Carcassonne, Producers",The Father,False,98%,2020,"Led by stellar performances and artfully helmed by writer-director Florian Zeller, The Father presents a devastatingly empathetic portrayal of dementia."
214,93,"Shaka King, Charles D. King and Ryan Coogler, Producers",Judas and the Black Messiah,False,97%,2021,"An electrifying dramatization of historical events, Judas and the Black Messiah is a forceful condemnation of racial injustice -- and a major triumph for its director and stars."
215,93,"Ceán Chaffin, Eric Roth and Douglas Urbanski, Producers",Mank,False,83%,2020,"Sharply written and brilliantly performed, Mank peers behind the scenes of Citizen Kane to tell an old Hollywood story that could end up being a classic in its own right."
216,93,"Christina Oh, Producer",Minari,False,98%,2020,"Led by arresting performances from Steven Yeun and Yeri Han, Minari offers an intimate and heart-wrenching portrait of family and assimilation in 1980s America."
217,93,"Frances McDormand, Peter Spears, Mollye Asher, Dan Janvey and Chloé Zhao, Producers",Nomadland,True,93%,2020,"A poetic character study on the forgotten and downtrodden, Nomadland beautifully captures the restlessness left in the wake of the Great Recession."
218,93,"Ben Browning, Ashley Fox, Emerald Fennell and Josey McNamara, Producers",Promising Young Woman,False,90%,2020,"A boldly provocative, timely thriller, Promising Young Woman is an auspicious feature debut for writer-director Emerald Fennell -- and a career highlight for Carey Mulligan."
219,93,"Bert Hamelinck and Sacha Ben Harroche, Producers",Sound of Metal,False,97%,2019,"An evocative look at the experiences of the deaf community, Sound of Metal is brought to life by Riz Ahmed's passionate performance."
220,93,"Marc Platt and Stuart Besser, Producers",The Trial of the Chicago 7,False,89%,2020,"An actors' showcase enlivened by its topical fact-based story, The Trial of the Chicago 7 plays squarely -- and compellingly -- to Aaron Sorkin's strengths."
221,94,"Laura Berwick, Kenneth Branagh, Becca Kovacik and Tamar Thomas, Producers",Belfast,False,86%,2021,"A deeply personal project for writer-director Kenneth Branagh, Belfast transcends its narrative deficits with powerful performances and directorial craft."
222,94,"Philippe Rousselet, Fabrice Gianfermi and Patrick Wachsberger, Producers",CODA,True,94%,2021,"CODA's story offers few surprises, but strong representation and a terrific cast -- led by Emilia Jones' brilliant performance -- bring this coming-of-age story vividly to life."
223,94,"Adam McKay and Kevin Messick, Producers",Don't Look Up,False,56%,2021,"Don't Look Up aims too high for its scattershot barbs to consistently land, but Adam McKay's star-studded satire hits its target of collective denial square on."
224,94,"Teruhisa Yamamoto, Producer",Drive My Car,False,97%,2021,"Drive My Car's imposing runtime holds a rich, patiently engrossing drama that reckons with self-acceptance and regret."
225,94,"Mary Parent, Denis Villeneuve and Cale Boyter, Producers",Dune,False,83%,2021,"Dune occasionally struggles with its unwieldy source material, but those issues are largely overshadowed by the scope and ambition of this visually thrilling adaptation."
226,94,"Tim White, Trevor White and Will Smith, Producers",King Richard,False,90%,2021,King Richard transcends sport biopic formulas with refreshingly nuanced storytelling -- and a towering performance from Will Smith in the title role.
227,94,"Sara Murphy, Adam Somner and Paul Thomas Anderson, Producers",Licorice Pizza,False,91%,2021,Licorice Pizza finds Paul Thomas Anderson shifting into a surprisingly comfortable gear -- and getting potentially star-making performances out of his fresh-faced leads.
228,94,"Guillermo del Toro, J. Miles Dale and Bradley Cooper, Producers",Nightmare Alley,False,81%,2021,"While it may not hit quite as hard as the original, Guillermo del Toro's Nightmare Alley is a modern noir thriller with a pleasantly pulpy spin."
229,94,"Jane Campion, Tanya Seghatchian, Emile Sherman, Iain Canning and Roger Frappier, Producers",The Power of the Dog,False,94%,2021,"Brought to life by a stellar ensemble led by Benedict Cumberbatch, The Power of the Dog reaffirms writer-director Jane Campion as one of her generation's finest filmmakers."
230,95,"Malte Grunert, Producer",All Quiet on the Western Front,False,89%,2022,"Both timely and timeless, All Quiet on the Western Front retains the power of its classic source material by focusing on the futility of war."
231,95,"James Cameron and Jon Landau, Producers",Avatar: The Way of Water,False,76%,2022,"Narratively, it might be fairly standard stuff -- but visually speaking, Avatar: The Way of Water is a stunningly immersive experience."
232,95,"Graham Broadbent, Pete Czernin and Martin McDonagh, Producers",The Banshees of Inisherin,False,96%,2022,"Featuring some of Martin McDonagh's finest work and a pair of outstanding lead performances, The Banshees of Inisherin is a finely crafted feel-bad treat."
233,95,"Baz Luhrmann, Catherine Martin, Gail Berman, Patrick McCormick and Schuyler Weiss, Producers",Elvis,False,77%,2022,"The standard rock biopic formula gets all shook up in Elvis, with Baz Luhrmann's dazzling energy and style perfectly complemented by Austin Butler's outstanding lead performance."
234,95,"Daniel Kwan, Daniel Scheinert and Jonathan Wang, Producers",Everything Everywhere All at Once,True,94%,2022,"Led by an outstanding Michelle Yeoh, Everything Everywhere All at Once lives up to its title with an expertly calibrated assault on the senses."
235,95,"Kristie Macosko Krieger, Steven Spielberg and Tony Kushner, Producers",The Fabelmans,False,92%,2022,"Part memoir, part ode to the power of the movies, The Fabelmans finds Steven Spielberg digging at the family roots that helped make him a beloved filmmaker -- and proves he hasn't lost his magic touch."
236,95,"Todd Field, Alexandra Milchan and Scott Lambert, Producers",Tár,False,91%,2022,"Led by the soaring melody of Cate Blanchett's note-perfect performance, Tár riffs brilliantly on the discordant side of fame-fueled power."
237,95,"Tom Cruise, Christopher McQuarrie, David Ellison and Jerry Bruckheimer, Producers",Top Gun: Maverick,False,96%,2022,"Top Gun: Maverick pulls off a feat even trickier than a 4G inverted dive, delivering a long-belated sequel that surpasses its predecessor in wildly entertaining style."
